{"cameraMode":{"drawMode":0,"name":"Shaded","section":"Shading Mode"},"sceneLighting":true,"audioPlay":false,"sceneViewState":{"m_AlwaysRefresh":false,"showFog":true,"showSkybox":true,"showFlares":true,"showImageEffects":true,"showParticleSystems":true,"showVisualEffectGraphs":true,"m_FxEnabled":true},"in2DMode":false,"pivot":{"x":1.4890947341918946,"y":-3.928218364715576,"z":0.7218551635742188},"rotation":{"x":-0.060471419245004657,"y":0.9353951811790466,"z":-0.196742981672287,"w":-0.28750646114349368},"size":12.577884674072266,"orthographic":false}