{"cameraMode":{"drawMode":0,"name":"Shaded","section":"Shading Mode"},"sceneLighting":true,"audioPlay":false,"sceneViewState":{"m_AlwaysRefresh":false,"showFog":true,"showSkybox":true,"showFlares":true,"showImageEffects":true,"showParticleSystems":true,"showVisualEffectGraphs":true,"m_FxEnabled":true},"in2DMode":false,"pivot":{"x":9.210203170776368,"y":-0.025072574615478517,"z":13.017593383789063},"rotation":{"x":-0.09786900132894516,"y":0.9014420509338379,"z":-0.27915409207344057,"w":-0.3160346448421478},"size":6.2478742599487309,"orthographic":false}